"relative_dir","direct_file_count","direct_size_bytes"
".","3","12534"
"00_原始题目与建模口径","8","336141"
"01_输入数据","0",
"01_输入数据\enhanced_data","25","1785290"
"01_输入数据\model_data","14","166204"
"09_Q4_V2_12天线路产品组合与分时容量优化","1","6179"
"09_Q4_V2_12天线路产品组合与分时容量优化\config","1","26570"
"09_Q4_V2_12天线路产品组合与分时容量优化\figures","4","448561"
"09_Q4_V2_12天线路产品组合与分时容量优化\outputs","16","424679"
"09_Q4_V2_12天线路产品组合与分时容量优化\reports","2","167525"
"09_Q4_V2_12天线路产品组合与分时容量优化\scripts","1","103452"
"10_Q4_V3_精确求解器验证","1","191"
"10_Q4_V3_精确求解器验证\outputs","2","6091"
"10_Q4_V3_精确求解器验证\reports","1","1714"
"10_Q4_V3_精确求解器验证\scripts","1","267"
