"directory","file_count","total_size_bytes"
".","3","29247"
"00_原始题目与建模口径","8","349983"
"01_输入数据","2","319"
"01_输入数据\enhanced_data","25","1785290"
"01_输入数据\model_data","14","166204"
"02_模型代码","17","392456"
"03_历史图论基线\graph_model_outputs","5","329625"
"04_高德OD重实验\amap_selfdrive_model_outputs","4","9167"
"05_多模式与谱聚类结果\enhanced_model_outputs","4","7482"
"06_多口岸阈值与风险仿真\digital_twin_outputs","1","1106"
"06_多口岸阈值与风险仿真\humanized_scenario_outputs","3","1313"
"06_多口岸阈值与风险仿真\policy_simulation_outputs","2","251636"
"06_多口岸阈值与风险仿真\risk_policy_outputs","2","3426"
"07_求解效率与算法升级\solver_efficiency_outputs","6","3683"
"08_报告与工作簿","27","1226099"
"09_图表","4","342255"
"10_待补与缺口审计","1","1805"
